rank,profile,profile_group,profile_score,protocol,name,country,server,original_server,port,network,status,delay_ms,rank_score,responsive_score,min_delay_ms,avg_delay_ms,max_delay_ms,jitter_ms,success_rate,strict_success_rounds,strict_test_rounds,strict_required_rounds,fingerprint,reason,raw
1,gaming,GAMING STABIL,12,vless,oneclickvpnkeys US 9673,US,104.17.3.81,104.16.72.70,443,ws,alive,21,1021,1021,21,21,21,0,1.0,2,2,1,d3e400c7f6e4086e11572fba,strict URL delay ok 2/2; required=1; min=21ms; avg=21ms; jitter=-ms; success_rate=1.0,vless://0ac0a6f0-d3f0-47f1-8de4-ce785e515a5c@104.16.72.70:443?encryption=none&host=unnes.ac.id.yxls.eu.cc&path=%2Fca-cl&security=tls&sni=unnes.ac.id.yxls.eu.cc&type=ws#%3E%3E%40oneclickvpnkeys%3A%3AUS
2,gaming,GAMING STABIL,13,vless,33 oneclickvpnkeys,FR,104.17.3.81,108.162.196.3,443,ws,alive,21,1021,1021,21,21,22,1,1.0,2,2,1,92a9ee8804749ff5939065b0,strict URL delay ok 2/2; required=1; min=21ms; avg=21ms; jitter=1ms; success_rate=1.0,vless://eeb6823c-b926-4ea2-866a-5542edd26e59@108.162.196.3:443?encryption=none&host=t1s1.rittbo.kdns.fr&path=/fp=chrome&security=tls&sni=t1s1.rittbo.kdns.fr&type=ws#☀️33@oneclickvpnkeys
3,gaming,GAMING STABIL,13,vless,oneclickvpnkeys US 8105,US,104.17.3.81,162.159.19.67,443,ws,alive,21,1021,1021,21,21,22,1,1.0,2,2,1,4d0a05de27211ce977fc4a0d,strict URL delay ok 2/2; required=1; min=21ms; avg=21ms; jitter=1ms; success_rate=1.0,vless://659a9075-d5ab-4fd2-bf34-b37043fae832@162.159.19.67:443?encryption=none&host=nbhhh.mrcool.kdns.fr&path=%2F&security=tls&sni=nbhhh.mrcool.kdns.fr&type=ws#%3E%3E%40oneclickvpnkeys%3A%3AUS
4,gaming,GAMING STABIL,13,vless,oneclickvpnkeys US 8677,US,104.17.3.81,104.16.72.70,443,ws,alive,21,1021,1021,21,21,22,1,1.0,2,2,1,6697201b558faa6c8240bfd8,strict URL delay ok 2/2; required=1; min=21ms; avg=21ms; jitter=1ms; success_rate=1.0,vless://659a9075-d5ab-4fd2-bf34-b37043fae832@104.16.72.70:443?encryption=none&host=nbhhh.mrcool.kdns.fr&path=%2Fproxyip&security=tls&sni=nbhhh.mrcool.kdns.fr&type=ws#%3E%3E%40oneclickvpnkeys%3A%3AUS
5,gaming,GAMING STABIL,13,vless,configV2rayNG US 5960,US,104.17.3.81,45.130.125.158,443,ws,alive,22,1022,1022,22,22,22,0,1.0,2,2,1,883945fc872ae7a4d1d8d2ba,strict URL delay ok 2/2; required=1; min=22ms; avg=22ms; jitter=-ms; success_rate=1.0,vless://eeb6823c-b926-4ea2-866a-5542edd26e59@45.130.125.158:443?path=%2F%3FTELEGRAM-MARAMBASHI_MARAMBASHI_MARAMBASHI_MARAMBASHI_MARAMBASHI%3Fed%3D512&security=tls&alpn=h3%2Ch2%2Chttp%2F1.1&encryption=none&insecure=0&host=t1s1.rittbo.kdns.fr&fp=ios&type=ws&allowInsecure=0&sni=t1s1.rittbo.kdns.fr#%3E%3E%40configV2rayNG%3A%3AUS
6,gaming,GAMING STABIL,13,vless,oneclickvpnkeys US 6697,US,104.17.3.81,104.17.25.173,443,ws,alive,22,1022,1022,22,22,22,0,1.0,2,2,1,7a7d5fd6c24560a613bd90d7,strict URL delay ok 2/2; required=1; min=22ms; avg=22ms; jitter=-ms; success_rate=1.0,vless://eeb6823c-b926-4ea2-866a-5542edd26e59@104.17.25.173:443?encryption=none&fp=chrome&host=t1s1.rittbo.kdns.fr&path=%2F&security=tls&sni=t1s1.rittbo.kdns.fr&type=ws#%3E%3E%40oneclickvpnkeys%3A%3AUS
7,gaming,GAMING STABIL,14,vless,vpnserverrr VL-WS-N A XX 2ms,WS,104.17.3.81,192.71.82.2,443,ws,alive,22,1022,1022,22,22,23,1,1.0,2,2,1,d83e98f5826830098cc23814,strict URL delay ok 2/2; required=1; min=22ms; avg=22ms; jitter=1ms; success_rate=1.0,vless://a5c05c1e-aa68-443f-8598-09800244bd4b@192.71.82.2:443?path=%2FLiL%3Fed%3D%23TELEGRAM-vpnserverrr_vpnserverrr_vpnserverrr_vpnserverrr_vpnserverrr%3Fed%3D512&security=tls&alpn=h3&encryption=none&insecure=0&fp=firefox&type=ws&allowInsecure=0&sni=kingcloud.biack.ir#🆔vpnserverrr%20🔒%20VL-WS-N/A%20❔%20XX%202ms
8,gaming,GAMING STABIL,14,trojan,29 oneclickvpnkeys,IR,104.17.3.81,164.38.155.135,443,ws,alive,24,1024,1024,24,24,24,0,1.0,2,2,1,4c65421cfb80f03a13a63ff0,strict URL delay ok 2/2; required=1; min=24ms; avg=24ms; jitter=-ms; success_rate=1.0,trojan://MITIVPN@164.38.155.135:443?alpn=http/1.1&fp=chrome&host=95r.ir&path=/MiTiVPN=De&sni=95r.ir&type=ws#☀️29@oneclickvpnkeys
9,gaming,GAMING STABIL,15,vless,US US- VPNine1 1217,US,104.17.3.81,170.114.45.6,443,ws,alive,21,1022,1022,21,22,23,2,1.0,2,2,1,16dec6ee55f020a5c2f3f6fb,strict URL delay ok 2/2; required=1; min=21ms; avg=22ms; jitter=2ms; success_rate=1.0,vless://192bc523-26fe-4233-b10d-725deb710ea5@170.114.45.6:443?path=/us-gllc&security=tls&encryption=none&insecure=0&host=support.zoom.us.yxls.eu.cc&type=ws&allowInsecure=0&sni=support.zoom.us.yxls.eu.cc#🇺🇸US-🚀@VPNine1
10,gaming,GAMING STABIL,15,vless,shadowproxy66 US,US,104.17.3.81,172.64.40.84,443,ws,alive,21,1022,1022,21,22,23,2,1.0,2,2,1,2caf74252605f099ac629806,strict URL delay ok 2/2; required=1; min=21ms; avg=22ms; jitter=2ms; success_rate=1.0,vless://eeb6823c-b926-4ea2-866a-5542edd26e59@172.64.40.84:443?path=%2Ffp&security=tls&encryption=none&insecure=0&host=t1s1.rittbo.kdns.fr&type=ws&allowInsecure=0&sni=t1s1.rittbo.kdns.fr#%3E%3E%40shadowproxy66%3A%3AUS
