url,source_type,status,http_status,total_found,vmess_found,vless_found,trojan_found,chars,cache_used,cache_file,cache_updated_at,error
https://raw.githubusercontent.com/Epodonios/v2ray-configs/refs/heads/main/All_Configs_Sub.txt,direct,ok,200,3934,600,2908,426,1418057,false,,,
https://raw.githubusercontent.com/Everyday-VPN/Everyday-VPN/main/subscription/main.txt,direct,ok,200,2,0,2,0,724,false,,,
https://raw.githubusercontent.com/MahsaNetConfigTopic/config/refs/heads/main/xray_final.txt,direct,ok,200,210,24,164,22,60048,false,,,
https://raw.githubusercontent.com/Rayan-Config/C-Sub/refs/heads/main/configs/proxy.txt,direct,ok,200,31,0,31,0,11202,false,,,
https://raw.githubusercontent.com/Surfboardv2ray/TGParse/main/splitted/mixed,base64,ok,200,2442,97,2121,224,605172,false,,,
https://raw.githubusercontent.com/arshiacomplus/v2rayExtractor/refs/heads/main/mix/sub.html,direct,ok,200,182,9,135,38,44335,false,,,
https://raw.githubusercontent.com/barry-far/V2ray-config/main/Splitted-By-Protocol/trojan.txt,direct,ok,200,313,0,0,313,60021,false,,,
https://raw.githubusercontent.com/barry-far/V2ray-config/main/Splitted-By-Protocol/vless.txt,direct,ok,200,2676,0,2676,0,653057,false,,,
https://raw.githubusercontent.com/ebrasha/free-v2ray-public-list/main/vmess_configs.txt,direct,ok,200,6270,6270,0,0,2174397,false,,,
https://raw.githubusercontent.com/itsyebekhe/PSG/main/lite/subscriptions/xray/normal/mix,direct,ok,200,232,14,200,18,78426,false,,,
https://raw.githubusercontent.com/mahdibland/ShadowsocksAggregator/master/Eternity.txt,direct,ok,200,61,52,0,9,42807,false,,,
https://raw.githubusercontent.com/mahsanet/MahsaFreeConfig/refs/heads/main/app/sub.txt,base64,ok,200,0,0,0,0,27376,false,,,
https://raw.githubusercontent.com/mahsanet/MahsaFreeConfig/refs/heads/main/mtn/sub_1.txt,base64,ok,200,26,1,23,2,6213,false,,,
https://raw.githubusercontent.com/mahsanet/MahsaFreeConfig/refs/heads/main/mtn/sub_2.txt,base64,ok,200,5,0,4,1,1604,false,,,
https://raw.githubusercontent.com/mahsanet/MahsaFreeConfig/refs/heads/main/mtn/sub_3.txt,base64,empty,200,0,0,0,0,0,false,,,
https://raw.githubusercontent.com/mahsanet/MahsaFreeConfig/refs/heads/main/mtn/sub_4.txt,base64,empty,200,0,0,0,0,0,false,,,
